country;year;iso_code;population;gdp;biofuel_cons_change_pct;biofuel_cons_change_twh;biofuel_cons_per_capita;biofuel_consumption;biofuel_elec_per_capita;biofuel_electricity;biofuel_share_elec;biofuel_share_energy;carbon_intensity_elec;coal_cons_change_pct;coal_cons_change_twh;coal_cons_per_capita;coal_consumption;coal_elec_per_capita;coal_electricity;coal_prod_change_pct;coal_prod_change_twh;coal_prod_per_capita;coal_production;coal_share_elec;coal_share_energy;electricity_demand;electricity_demand_per_capita;electricity_generation;electricity_share_energy;energy_cons_change_pct;energy_cons_change_twh;energy_per_capita;energy_per_gdp;fossil_cons_change_pct;fossil_cons_change_twh;fossil_elec_per_capita;fossil_electricity;fossil_energy_per_capita;fossil_fuel_consumption;fossil_share_elec;fossil_share_energy;gas_cons_change_pct;gas_cons_change_twh;gas_consumption;gas_elec_per_capita;gas_electricity;gas_energy_per_capita;gas_prod_change_pct;gas_prod_change_twh;gas_prod_per_capita;gas_production;gas_share_elec;gas_share_energy;greenhouse_gas_emissions;hydro_cons_change_pct;hydro_cons_change_twh;hydro_consumption;hydro_elec_per_capita;hydro_electricity;hydro_energy_per_capita;hydro_share_elec;hydro_share_energy;low_carbon_cons_change_pct;low_carbon_cons_change_twh;low_carbon_consumption;low_carbon_elec_per_capita;low_carbon_electricity;low_carbon_energy_per_capita;low_carbon_share_elec;low_carbon_share_energy;net_elec_imports;net_elec_imports_share_demand;nuclear_cons_change_pct;nuclear_cons_change_twh;nuclear_consumption;nuclear_elec_per_capita;nuclear_electricity;nuclear_energy_per_capita;nuclear_share_elec;nuclear_share_energy;oil_cons_change_pct;oil_cons_change_twh;oil_consumption;oil_elec_per_capita;oil_electricity;oil_energy_per_capita;oil_prod_change_pct;oil_prod_change_twh;oil_prod_per_capita;oil_production;oil_share_elec;oil_share_energy;other_renewable_consumption;other_renewable_electricity;other_renewable_exc_biofuel_electricity;other_renewables_cons_change_pct;other_renewables_cons_change_twh;other_renewables_elec_per_capita;other_renewables_elec_per_capita_exc_biofuel;other_renewables_energy_per_capita;other_renewables_share_elec;other_renewables_share_elec_exc_biofuel;other_renewables_share_energy;per_capita_electricity;primary_energy_consumption;renewables_cons_change_pct;renewables_cons_change_twh;renewables_consumption;renewables_elec_per_capita;renewables_electricity;renewables_energy_per_capita;renewables_share_elec;renewables_share_energy;solar_cons_change_pct;solar_cons_change_twh;solar_consumption;solar_elec_per_capita;solar_electricity;solar_energy_per_capita;solar_share_elec;solar_share_energy;wind_cons_change_pct;wind_cons_change_twh;wind_consumption;wind_elec_per_capita;wind_electricity;wind_energy_per_capita;wind_share_elec;wind_share_energy
Indonesia;1900;IDN;38179623;51910098944.000;;;;;;;;;;;;;;;;;;43.285;1.653;;;;;;;;;;;;;;;;;;;;;;;;;;;0;0;;;;;;;;;;;;;;;;;;;;;;;;;;;;;;;;;;;;;;94.735;3.617;;;;;;;;;;;;;;;;;;;;;;;;;;;;;;;;;;;;;;;
Indonesia;1901;IDN;38668903;51089575936.000;;;;;;;;;;;;;;;;985;16;43.159;1.669;;;;;;;;;;;;;;;;;;;;;;;;;;0;0;0;;;;;;;;;;;;;;;;;;;;;;;;;;;;;;;;;;;;78.135;2.826;166.620;6.443;;;;;;;;;;;;;;;;;;;;;;;;;;;;;;;;;;;;;;;
Indonesia;1902;IDN;39163692;50067218432.000;;;;;;;;;;;;;;;;-6.341;-106;39.911;1.563;;;;;;;;;;;;;;;;;;;;;;;;;;0;0;0;;;;;;;;;;;;;;;;;;;;;;;;;;;;;;;;;;;;-39.350;-2.535;99.778;3.908;;;;;;;;;;;;;;;;;;;;;;;;;;;;;;;;;;;;;;;
Indonesia;1903;IDN;39646401;52836519936.000;;;;;;;;;;;;;;;;9.896;155;43.327;1.718;;;;;;;;;;;;;;;;;;;;;;;;;;0;0;0;;;;;;;;;;;;;;;;;;;;;;;;;;;;;;;;;;;;136.905;5.350;233.501;9.257;;;;;;;;;;;;;;;;;;;;;;;;;;;;;;;;;;;;;;;
Indonesia;1904;IDN;40116661;53544038400.000;;;;;;;;;;;;;;;;9.479;163;46.878;1.881;;;;;;;;;;;;;;;;;;;;;;;;;;0;0;0;;;;;;;;;;;;;;;;;;;;;;;;;;;;;;;;;;;;12.814;1.186;260.334;10.444;;;;;;;;;;;;;;;;;;;;;;;;;;;;;;;;;;;;;;;
Indonesia;1905;IDN;40574022;54217261056.000;;;;;;;;;;;;;;;;32.035;602;61.197;2.483;;;;;;;;;;;;;;;;;;;;;;;;;;0;0;0;;;;;;;;;;;;;;;;;;;;;;;;;;;;;;;;;;;;20.601;2.152;310.427;12.595;;;;;;;;;;;;;;;;;;;;;;;;;;;;;;;;;;;;;;;
Indonesia;1906;IDN;41018198;55577653248.000;;;;;;;;;;;;;;;;21.967;545;73.832;3.028;;;;;;;;;;;;;;;;;;;;;;;;;;0;0;0;;;;;;;;;;;;;;;;;;;;;;;;;;;;;;;;;;;;4.340;547;320.392;13.142;;;;;;;;;;;;;;;;;;;;;;;;;;;;;;;;;;;;;;;
Indonesia;1907;IDN;41465424;57010999296.000;;;;;;;;;;;;;;;;8.065;244;78.926;3.273;;;;;;;;;;;;;;;;;;;;;;;;;;0;0;0;;;;;;;;;;;;;;;;;;;;;;;;;;;;;;;;;;;;21.947;2.884;386.494;16.026;;;;;;;;;;;;;;;;;;;;;;;;;;;;;;;;;;;;;;;
Indonesia;1908;IDN;41914876;56856240128.000;;;;;;;;;;;;;;;;6.468;212;83.129;3.484;;;;;;;;;;;;;;;;;;;;;;;;;;0;0;0;;;;;;;;;;;;;;;;;;;;;;;;;;;;;;;;;;;;3.048;488;394.003;16.515;;;;;;;;;;;;;;;;;;;;;;;;;;;;;;;;;;;;;;;
Indonesia;1909;IDN;42366545;59669188608.000;;;;;;;;;;;;;;;;15.421;537;94.925;4.022;;;;;;;;;;;;;;;;;;;;;;;;;;0;0;0;;;;;;;;;;;;;;;;;;;;;;;;;;;;;;;;;;;;7.324;1.210;418.352;17.724;;;;;;;;;;;;;;;;;;;;;;;;;;;;;;;;;;;;;;;
Indonesia;1910;IDN;42820498;63242977280.000;;;;;;;;;;;;;;;;9.919;399;103.235;4.421;;;;;;;;;;;;;;;;;;;;;;;;;;0;0;0;;;;;;;;;;;;;;;;;;;;;;;;;;;;;;;;;;;;-66;-12;413.645;17.712;;;;;;;;;;;;;;;;;;;;;;;;;;;;;;;;;;;;;;;
Indonesia;1911;IDN;43254585;66186964992.000;;;;;;;;;;;;;;;;11.050;488;113.491;4.909;;;;;;;;;;;;;;;;;;;;;;;;;;0;0;0;;;;;;;;;;;;;;;;;;;;;;;;;;;;;;;;;;;;9.718;1.721;449.287;19.434;;;;;;;;;;;;;;;;;;;;;;;;;;;;;;;;;;;;;;;
Indonesia;1912;IDN;43716724;67204390912.000;;;;;;;;;;;;;;;;995;49;113.409;4.958;;;;;;;;;;;;;;;;;;;;;;;;;;0;0;0;;;;;;;;;;;;;;;;;;;;;;;;;;;;;;;;;;;;-9.096;-1.768;404.101;17.666;;;;;;;;;;;;;;;;;;;;;;;;;;;;;;;;;;;;;;;
Indonesia;1913;IDN;44180972;70277955584.000;;;;;;;;;;;;;;;;-6.732;-334;104.662;4.624;;;;;;;;;;;;;;;;;;;;;;;;;;0;0;0;;;;;;;;;;;;;;;;;;;;;;;;;;;;;;;;;;;;461;81;401.697;17.747;;;;;;;;;;;;;;;;;;;;;;;;;;;;;;;;;;;;;;;
Indonesia;1914;IDN;44647319;70179414016.000;;;;;;;;;;;;;;;;8.979;415;112.869;5.039;;;;;;;;;;;;;;;;;;;;;;;;;;0;0;0;;;;;;;;;;;;;;;;;;;;;;;;;;;;;;;;;;;;2.818;500;408.702;18.247;;;;;;;;;;;;;;;;;;;;;;;;;;;;;;;;;;;;;;;
Indonesia;1915;IDN;45118696;71131422720.000;;;;;;;;;;;;;;;;646;33;112.411;5.072;;;;;;;;;;;;;;;;;;;;;;;;;;0;0;0;;;;;;;;;;;;;;;;;;;;;;;;;;;;;;;;;;;;1.848;337;411.908;18.585;;;;;;;;;;;;;;;;;;;;;;;;;;;;;;;;;;;;;;;
Indonesia;1916;IDN;45528655;71621763072.000;;;;;;;;;;;;;;;;20.225;1.026;133.929;6.098;;;;;;;;;;;;;;;;;;;;;;;;;;0;0;0;;;;;;;;;;;;;;;;;;;;;;;;;;;;;;;;;;;;8.260;1.535;441.917;20.120;;;;;;;;;;;;;;;;;;;;;;;;;;;;;;;;;;;;;;;
Indonesia;1917;IDN;45837761;71790051328.000;;;;;;;;;;;;;;;;9.880;602;146.169;6.700;;;;;;;;;;;;;;;;;;;;;;;;;;0;0;0;;;;;;;;;;;;;;;;;;;;;;;;;;;;;;;;;;;;3.526;709;454.414;20.829;;;;;;;;;;;;;;;;;;;;;;;;;;;;;;;;;;;;;;;
Indonesia;1918;IDN;46225903;73209782272.000;;;;;;;;;;;;;;;;1.215;81;146.702;6.781;;;;;;;;;;;;;;;;;;;;;;;;;;0;0;0;;;;;;;;;;;;;;;;;;;;;;;;;;;;;;;;;;;;-1.508;-314;443.806;20.515;;;;;;;;;;;;;;;;;;;;;;;;;;;;;;;;;;;;;;;
Indonesia;1919;IDN;46707410;79914983424.000;;;;;;;;;;;;;;;;14.046;952;165.583;7.734;;;;;;;;;;;;;;;;;;;;;;;;;;0;0;0;;;;;;;;;;;;;;;;;;;;;;;;;;;;;;;;;;;;22.449;4.605;537.833;25.121;;;;;;;;;;;;;;;;;;;;;;;;;;;;;;;;;;;;;;;
Indonesia;1920;IDN;47304303;77485137920.000;;;;;;;;;;;;;;;;-88.842;-6.871;18.242;863;;;;;;;;;;;;;;;;;;;;;;;;;;0;0;0;;;;;;;;;;;;;;;;;;;;;;;;;;;;;;;;;;;;9.491;2.384;581.447;27.505;;;;;;;;;;;;;;;;;;;;;;;;;;;;;;;;;;;;;;;
Indonesia;1921;IDN;47889453;77563396096.000;;;;;;;;;;;;;;;;1043.396;9.004;206.035;9.867;;;;;;;;;;;;;;;;;;;;;;;;;;0;0;0;;;;;;;;;;;;;;;;;;;;;;;;;;;;;;;;;;;;-254;-70;572.885;27.435;;;;;;;;;;;;;;;;;;;;;;;;;;;;;;;;;;;;;;;
Indonesia;1922;IDN;48464913;79663742976.000;;;;;;;;;;;;;;;;-14.109;-1.392;174.864;8.475;;;;;;;;;;;;;;;;;;;;;;;;;;1.313;27.086;1.313;;;;;;;;;;;;;;;;;;;;;;;;;;;;;;;;;;;;975;267;571.602;27.703;;;;;;;;;;;;;;;;;;;;;;;;;;;;;;;;;;;;;;;
Indonesia;1923;IDN;49048301;81177518080.000;;;;;;;;;;;;;;;;11.047;936;191.872;9.411;;;;;;;;;;;;;;;;;;;;;;;;;37.615;494;36.831;1.806;;;;;;;;;;;;;;;;;;;;;;;;;;;;;;;;;;;;18.934;5.245;671.742;32.948;;;;;;;;;;;;;;;;;;;;;;;;;;;;;;;;;;;;;;;
Indonesia;1924;IDN;49640203;85424193536.000;;;;;;;;;;;;;;;;25.173;2.369;237.308;11.780;;;;;;;;;;;;;;;;;;;;;;;;;27.333;494;46.339;2.300;;;;;;;;;;;;;;;;;;;;;;;;;;;;;;;;;;;;3.283;1.082;685.521;34.029;;;;;;;;;;;;;;;;;;;;;;;;;;;;;;;;;;;;;;;
Indonesia;1925;IDN;50240326;87028097024.000;;;;;;;;;;;;;;;;-3.179;-374;227.020;11.406;;;;;;;;;;;;;;;;;;;;;;;;;21.466;494;55.613;2.794;;;;;;;;;;;;;;;;;;;;;;;;;;;;;;;;;;;;4.785;1.628;709.740;35.658;;;;;;;;;;;;;;;;;;;;;;;;;;;;;;;;;;;;;;;
Indonesia;1926;IDN;50849550;92032958464.000;;;;;;;;;;;;;;;;4.640;529;234.706;11.935;;;;;;;;;;;;;;;;;;;;;;;;;17.672;494;64.658;3.288;;;;;;;;;;;;;;;;;;;;;;;;;;;;;;;;;;;;-1.533;-547;690.487;35.111;;;;;;;;;;;;;;;;;;;;;;;;;;;;;;;;;;;;;;;
Indonesia;1927;IDN;51467289;97879146496.000;;;;;;;;;;;;;;;;10.505;1.254;256.249;13.188;;;;;;;;;;;;;;;;;;;;;;;;;15.018;494;73.475;3.782;;;;;;;;;;;;;;;;;;;;;;;;;;;;;;;;;;;;22.358;7.850;834.729;42.961;;;;;;;;;;;;;;;;;;;;;;;;;;;;;;;;;;;;;;;
Indonesia;1928;IDN;52094423;101521252352.000;;;;;;;;;;;;;;;;5.185;684;266.291;13.872;;;;;;;;;;;;;;;;;;;;;;;;;13.057;494;82.069;4.275;;;;;;;;;;;;;;;;;;;;;;;;;;;;;;;;;;;;16.622;7.141;961.754;50.102;;;;;;;;;;;;;;;;;;;;;;;;;;;;;;;;;;;;;;;
Indonesia;1929;IDN;52730659;103854333952.000;;;;;;;;;;;;;;;;7.512;1.042;282.839;14.914;;;;;;;;;;;;;;;;;;;;;;;;;16.526;707;94.478;4.982;;;;;;;;;;;;;;;;;;;;;;;;;;;;;;;;;;;;21.611;10.828;1155.487;60.930;;;;;;;;;;;;;;;;;;;;;;;;;;;;;;;;;;;;;;;
Indonesia;1930;IDN;53422386;105315721216.000;;;;;;;;;;;;;;;;2.129;317;285.120;15.232;;;;;;;;;;;;;;;;;;;;;;;;;14.182;707;106.480;5.688;;;;;;;;;;;;;;;;;;;;;;;;;;;;;;;;;;;;-3.970;-2.419;1095.244;58.511;;;;;;;;;;;;;;;;;;;;;;;;;;;;;;;;;;;;;;;
Indonesia;1931;IDN;54167255;98592702464.000;;;;;;;;;;;;;;;;-24.960;-3.802;211.012;11.430;;;;;;;;;;;;;;;;;;;;;;;;;12.421;707;118.060;6.395;;;;;;;;;;;;;;;;;;;;;;;;;;;;;;;;;;;;-8.607;-5.036;987.215;53.475;;;;;;;;;;;;;;;;;;;;;;;;;;;;;;;;;;;;;;;
Indonesia;1932;IDN;54965265;94763261952.000;;;;;;;;;;;;;;;;-25.214;-2.882;155.517;8.548;;;;;;;;;;;;;;;;;;;;;;;;;11.048;707;129.200;7.102;;;;;;;;;;;;;;;;;;;;;;;;;;;;;;;;;;;;10.244;5.478;1072.540;58.952;;;;;;;;;;;;;;;;;;;;;;;;;;;;;;;;;;;;;;;
Indonesia;1933;IDN;55772671;95742566400.000;;;;;;;;;;;;;;;;-1.429;-122;151.076;8.426;;;;;;;;;;;;;;;;;;;;;;;;;9.949;707;139.998;7.808;;;;;;;;;;;;;;;;;;;;;;;;;;;;;;;;;;;;9.193;5.420;1154.186;64.372;;;;;;;;;;;;;;;;;;;;;;;;;;;;;;;;;;;;;;;
Indonesia;1934;IDN;56592409;97150009344.000;;;;;;;;;;;;;;;;-193;-16;148.600;8.410;;;;;;;;;;;;;;;;;;;;;;;;;9.049;707;150.454;8.515;;;;;;;;;;;;;;;;;;;;;;;;;;;;;;;;;;;;9.395;6.048;1244.330;70.420;;;;;;;;;;;;;;;;;;;;;;;;;;;;;;;;;;;;;;;
Indonesia;1935;IDN;57426239;99821166592.000;;;;;;;;;;;;;;;;7.551;635;157.500;9.045;;;;;;;;;;;;;;;;;;;;;;;;;8.298;707;160.573;9.221;;;;;;;;;;;;;;;;;;;;;;;;;;;;;;;;;;;;446;314;1231.731;70.734;;;;;;;;;;;;;;;;;;;;;;;;;;;;;;;;;;;;;;;
Indonesia;1936;IDN;58274749;106169204736.000;;;;;;;;;;;;;;;;3.240;293;160.236;9.338;;;;;;;;;;;;;;;;;;;;;;;;;7.662;707;170.359;9.928;;;;;;;;;;;;;;;;;;;;;;;;;;;;;;;;;;;;5.853;4.140;1284.844;74.874;;;;;;;;;;;;;;;;;;;;;;;;;;;;;;;;;;;;;;;
Indonesia;1937;IDN;59137646;118784974848.000;;;;;;;;;;;;;;;;19.704;1.840;189.010;11.178;;;;;;;;;;;;;;;;;;;;;;;;;7.117;707;179.821;10.634;;;;;;;;;;;;;;;;;;;;;;;;;;;;;;;;;;;;12.799;9.583;1428.144;84.457;;;;;;;;;;;;;;;;;;;;;;;;;;;;;;;;;;;;;;;
Indonesia;1938;IDN;60015810;118306021376.000;;;;;;;;;;;;;;;;6.118;684;197.639;11.861;;;;;;;;;;;;;;;;;;;;;;;;;-100.000;-10.634;0;0;;;;;;;;;;;;;;;;;;;;;;;;;;;;;;;;;;;;1.873;1.582;1433.601;86.039;;;;;;;;;;;;;;;;;;;;;;;;;;;;;;;;;;;;;;;
Indonesia;1939;IDN;60908068;119488020480.000;;;;;;;;;;;;;;;;22.237;2.638;238.049;14.499;;;;;;;;;;;;;;;;;;;;;;;;;;0;0;0;;;;;;;;;;;;;;;;;;;;;;;;;;;;;;;;;;;;7.448;6.408;1517.810;92.447;;;;;;;;;;;;;;;;;;;;;;;;;;;;;;;;;;;;;;;
Indonesia;1940;IDN;61843190;131348013056.000;;;;;;;;;;;;;;;;12.802;1.856;264.464;16.355;;;;;;;;;;;;;;;;;;;;;;;;;;0;0;0;;;;;;;;;;;;;;;;;;;;;;;;;;;;;;;;;;;;-126;-116;1492.979;92.331;;;;;;;;;;;;;;;;;;;;;;;;;;;;;;;;;;;;;;;
Indonesia;1941;IDN;62820886;136663105536.000;;;;;;;;;;;;;;;;-946;-155;257.885;16.201;;;;;;;;;;;;;;;;;;;;;;;;;;0;0;0;;;;;;;;;;;;;;;;;;;;;;;;;;;;;;;;;;;;-13.276;-12.258;1274.617;80.073;;;;;;;;;;;;;;;;;;;;;;;;;;;;;;;;;;;;;;;
Indonesia;1942;IDN;63742503;;;;;;;;;;;;;;;;;-100.000;-16.201;0;0;;;;;;;;;;;;;;;;;;;;;;;;;;0;0;0;;;;;;;;;;;;;;;;;;;;;;;;;;;;;;;;;;;;-55.221;-44.217;562.502;35.855;;;;;;;;;;;;;;;;;;;;;;;;;;;;;;;;;;;;;;;
Indonesia;1943;IDN;64402814;;;;;;;;;;;;;;;;;;0;0;0;;;;;;;;;;;;;;;;;;;;;;;;;;0;0;0;;;;;;;;;;;;;;;;;;;;;;;;;;;;;;;;;;;;101.200;36.286;1120.151;72.141;;;;;;;;;;;;;;;;;;;;;;;;;;;;;;;;;;;;;;;
Indonesia;1944;IDN;64654432;;;;;;;;;;;;;;;;;;0;0;0;;;;;;;;;;;;;;;;;;;;;;;;;;0;0;0;;;;;;;;;;;;;;;;;;;;;;;;;;;;;;;;;;;;-53.909;-38.891;514.275;33.250;;;;;;;;;;;;;;;;;;;;;;;;;;;;;;;;;;;;;;;
Indonesia;1945;IDN;64894598;;;;;;;;;;;;;;;;;;0;0;0;;;;;;;;;;;;;;;;;;;;;;;;;;0;0;0;;;;;;;;;;;;;;;;;;;;;;;;;;;;;;;;;;;;-65.862;-21.899;174.913;11.351;;;;;;;;;;;;;;;;;;;;;;;;;;;;;;;;;;;;;;;
Indonesia;1946;IDN;65358783;;;;;;;;;;;;;;;;;;1.278;19.556;1.278;;;;;;;;;;;;;;;;;;;;;;;;;;0;0;0;;;;;;;;;;;;;;;;;;;;;;;;;;;;;;;;;;;;-69.057;-7.839;53.738;3.512;;;;;;;;;;;;;;;;;;;;;;;;;;;;;;;;;;;;;;;
Indonesia;1947;IDN;66226965;;;;;;;;;;;;;;;;;42.038;537;27.412;1.815;;;;;;;;;;;;;;;;;;;;;;;;;;289;4.364;289;;;;;;;;;;;;;;;;;;;;;;;;;;;;;;;;;;;;268.543;9.432;195.452;12.944;;;;;;;;;;;;;;;;;;;;;;;;;;;;;;;;;;;;;;;
Indonesia;1948;IDN;67261032;;;;;;;;;;;;;;;;;142.152;2.581;65.359;4.396;;;;;;;;;;;;;;;;;;;;;;;;;1437.500;4.155;66.070;4.444;;;;;;;;;;;;;;;;;;;;;;;;;;;;;;;;;;;;290.566;37.611;751.633;50.556;;;;;;;;;;;;;;;;;;;;;;;;;;;;;;;;;;;;;;;
Indonesia;1949;IDN;68405199;94018076672.000;;;;;;;;;;;;;;;;22.593;993;78.786;5.389;;;;;;;;;;;;;;;;;;;;;;;;;60.163;2.674;104.050;7.118;;;;;;;;;;;;;;;;;;;;;;;;;;;;;;;;;;;;42.581;21.527;1053.761;72.083;;;;;;;;;;;;;;;;;;;;;;;;;;;;;;;;;;;;;;;
Indonesia;1950;IDN;68798981;105742745600.000;;;;;;;;;;;;;;;;21.450;1.156;94.086;6.545;;;;;;;;;;;;;;;;;;;;;;;;;5.076;361;107.505;7.479;;;;;;;;;;;;;;;;;;;;;;;;;;;;;;;;;;;;14.182;10.223;1183.101;82.306;;;;;;;;;;;;;;;;;;;;;;;;;;;;;;;;;;;;;;;
Indonesia;1951;IDN;70286268;113595817984.000;;;;;;;;;;;;;;;;7.960;521;99.499;7.066;;;;;;;;;;;;;;;;;;;;;;;;;26.409;1.975;133.118;9.454;;;;;;;;;;;;;;;;;;;;;;;;;;;;;;;;;;;;18.058;14.863;1368.200;97.169;;;;;;;;;;;;;;;;;;;;;;;;;;;;;;;;;;;;;;;
Indonesia;1952;IDN;71876387;119008854016.000;;;;;;;;;;;;;;;;11.636;822;108.702;7.889;;;;;;;;;;;;;;;;;;;;;;;;;36.178;3.420;177.402;12.874;;;;;;;;;;;;;;;;;;;;;;;;;;;;;;;;;;;;5.099;4.954;1407.219;102.123;;;;;;;;;;;;;;;;;;;;;;;;;;;;;;;;;;;;;;;
Indonesia;1953;IDN;73569096;125027598336.000;;;;;;;;;;;;;;;;-7.430;-586;98.406;7.302;;;;;;;;;;;;;;;;;;;;;;;;;27.783;3.577;221.689;16.451;;;;;;;;;;;;;;;;;;;;;;;;;;;;;;;;;;;;19.428;19.841;1643.540;121.964;;;;;;;;;;;;;;;;;;;;;;;;;;;;;;;;;;;;;;;
Indonesia;1954;IDN;75367323;132648517632.000;;;;;;;;;;;;;;;;334;24;96.501;7.327;;;;;;;;;;;;;;;;;;;;;;;;;15.813;2.601;250.936;19.052;;;;;;;;;;;;;;;;;;;;;;;;;;;;;;;;;;;;8.029;9.792;1735.340;131.756;;;;;;;;;;;;;;;;;;;;;;;;;;;;;;;;;;;;;;;
Indonesia;1955;IDN;77273447;136433229824.000;;;;;;;;;;;;;;;;-9.556;-700;85.241;6.627;;;;;;;;;;;;;;;;;;;;;;;;;20.607;3.926;295.576;22.979;;;;;;;;;;;;;;;;;;;;;;;;;;;;;;;;;;;;7.724;10.176;1825.698;141.933;;;;;;;;;;;;;;;;;;;;;;;;;;;;;;;;;;;;;;;
Indonesia;1956;IDN;79282508;138179182592.000;;;;;;;;;;;;;;;;1.720;114;84.617;6.741;;;;;;;;;;;;;;;;;;;;;;;;;7.180;1.650;309.162;24.628;;;;;;;;;;;;;;;;;;;;;;;;;;;;;;;;;;;;7.284;10.339;1911.475;152.272;;;;;;;;;;;;;;;;;;;;;;;;;;;;;;;;;;;;;;;
Indonesia;1957;IDN;81390784;147685294080.000;;;;;;;;;;;;;;;;-13.406;-904;71.453;5.837;;;;;;;;;;;;;;;;;;;;;;;;;6.015;1.481;319.616;26.110;;;;;;;;;;;;;;;;;;;;;;;;;;;;;;;;;;;;20.675;31.482;2249.379;183.754;;;;;;;;;;;;;;;;;;;;;;;;;;;;;;;;;;;;;;;
Indonesia;1958;IDN;83592706;142311997440.000;;;;;;;;;;;;;;;;-15.900;-928;58.567;4.909;;;;;;;;;;;;;;;;;;;;;;;;;-3.736;-976;299.864;25.134;;;;;;;;;;;;;;;;;;;;;;;;;;;;;;;;;;;;3.652;6.711;2272.337;190.465;;;;;;;;;;;;;;;;;;;;;;;;;;;;;;;;;;;;;;;
Indonesia;1959;IDN;85892821;148373766144.000;;;;;;;;;;;;;;;;5.804;285;60.361;5.194;;;;;;;;;;;;;;;;;;;;;;;;;6.852;1.722;312.111;26.856;;;;;;;;;;;;;;;;;;;;;;;;;;;;;;;;;;;;12.646;24.086;2493.388;214.550;;;;;;;;;;;;;;;;;;;;;;;;;;;;;;;;;;;;;;;
Indonesia;1960;IDN;88296023;154784595968.000;;;;;;;;;;;;;;;;3.135;163;60.609;5.357;;;;;;;;;;;;;;;;;;;;;;;;;9.013;2.421;331.254;29.277;;;;;;;;;;;;;;;;;;;;;;;;;;;;;;;;;;;;12.798;27.458;2738.185;242.009;;;;;;;;;;;;;;;;;;;;;;;;;;;;;;;;;;;;;;;
Indonesia;1961;IDN;90791195;164961484800.000;;;;;;;;;;;;;;;;-16.565;-887;49.213;4.469;;;;;;;;;;;;;;;;;;;;;;;;;5.636;1.650;340.543;30.927;;;;;;;;;;;;;;;;;;;;;;;;;;;;;;;;;;;;2.283;5.524;2725.625;247.533;;;;;;;;;;;;;;;;;;;;;;;;;;;;;;;;;;;;;;;
Indonesia;1962;IDN;93375809;164672684032.000;;;;;;;;;;;;;;;;-14.026;-627;41.165;3.843;;;;;;;;;;;;;;;;;;;;;;;;;5.335;1.650;348.994;32.577;;;;;;;;;;;;;;;;;;;;;;;;;;;;;;;;;;;;6.935;17.166;2835.689;264.699;;;;;;;;;;;;;;;;;;;;;;;;;;;;;;;;;;;;;;;
Indonesia;1963;IDN;96051372;158306811904.000;;;;;;;;;;;;;;;;25.212;969;50.138;4.811;;;;;;;;;;;;;;;;;;;;;;;;;3.438;1.120;351.148;33.697;;;;;;;;;;;;;;;;;;;;;;;;;;;;;;;;;;;;-2.131;-5.641;2699.577;259.058;;;;;;;;;;;;;;;;;;;;;;;;;;;;;;;;;;;;;;;
Indonesia;1964;IDN;98833698;164270391296.000;;;;;;;;;;;;;;;;-24.196;-1.164;36.961;3.647;;;;;;;;;;;;;;;;;;;;;;;;;-2.395;-807;333.317;32.890;;;;;;;;;;;;;;;;;;;;;;;;;;;;;;;;;;;;2.891;7.490;2701.270;266.548;;;;;;;;;;;;;;;;;;;;;;;;;;;;;;;;;;;;;;;
Indonesia;1965;IDN;101365083;165966266368.000;;;;;;;;;;;;14.831;1.500;;;-39.509;-1.441;21.810;2.206;;1.775;;;;;;;835.486;509;;;;;782.133;79.119;;93.614;;;5.075;;;50.169;15.562;5.118;375.735;38.009;;6.005;;;;5.397;18.006;1.825;53.354;;6.386;;;5.397;;;53.354;;6.386;;;;;0;0;0;0;;0;;;72.544;;;717.133;7.052;18.797;2820.791;285.345;;85.834;0;0;;;;0;;0;;;0;;84.516;;;5.397;;;53.354;;6.386;;;;;;;;;;;0;0;0;0;;0
Indonesia;1966;IDN;103792710;165937627136.000;;;;;;;;;;22.481;337;17.744;1.838;;;18.081;399;25.155;2.605;;2.190;;;;;-734;-620;810.112;506;-2.832;-2.240;;;742.349;76.879;;91.635;2.000;101;5.176;;;49.985;190;72;367.713;38.081;;6.170;;30.024;1.620;7.018;22.865;2.373;67.763;;8.365;30.024;1.620;7.018;;;67.763;;8.365;;;;0;0;0;0;0;;0;-3.693;-2.679;69.864;;;674.621;-2.469;-7.046;2687.299;278.300;;83.275;0;0;;;0;0;;0;;;0;;83.896;30.024;1.620;7.018;;;67.763;;8.365;;;;;;;;;;0;0;0;0;0;;0
Indonesia;1967;IDN;106526344;162199044096.000;;;;;;;;;;-29.747;-547;12.149;1.291;;;-35.312;-920;15.859;1.685;;1.557;;;;;-1.191;-999;780.130;511;-2.421;-1.861;;;705.973;75.017;;90.494;22.157;1.147;6.323;;;59.509;-12.207;-4.649;314.623;33.432;;7.628;;12.290;862;7.880;25.016;2.665;74.158;;9.506;12.290;862;7.880;;;74.158;;9.506;;;;0;0;0;0;0;;0;-3.523;-2.462;67.403;;;634.315;7.595;21.137;2817.939;299.436;;81.309;0;0;;;0;0;;0;;;0;;82.897;12.290;862;7.880;;;74.158;;9.506;;;;;;;;;;0;0;0;0;0;;0
Indonesia;1968;IDN;109449945;177944035328.000;;;;;;;;;;-25.225;-326;8.845;965;;;-14.976;-252;13.128;1.433;;1.092;;;;;6.669;5.528;810.210;497;4.895;3.672;;;721.005;78.690;;88.990;1.605;102;6.425;;;58.870;54.431;18.197;473.062;51.629;;7.266;;23.549;1.856;9.736;30.082;3.292;89.205;;11.010;23.549;1.856;9.736;;;89.205;;11.010;;;;0;0;0;0;0;;0;5.781;3.897;71.299;;;653.291;17.773;53.218;3231.249;352.654;;80.632;0;0;;;0;0;;0;;;0;;88.425;23.549;1.856;9.736;;;89.205;;11.010;;;;;;;;;;0;0;0;0;0;;0
Indonesia;1969;IDN;112517592;199907966976.000;;;;;;;;;;20.482;198;10.370;1.163;;;9.091;130;13.937;1.563;;1.165;;;;;12.848;11.361;889.761;499;13.873;10.916;;;798.989;89.606;;89.798;88.468;5.684;12.109;;;107.972;-39.258;-20.269;279.633;31.361;;12.135;;4.564;444;10.180;30.597;3.443;90.772;;10.202;4.564;444;10.180;;;90.772;;10.202;;;;0;0;0;0;0;;0;7.061;5.035;76.334;;;680.647;6.886;24.283;3361.034;376.937;;76.498;0;0;;;0;0;;0;;;0;;99.786;4.564;444;10.180;;;90.772;;10.202;;;;;;;;;;0;0;0;0;0;;0
Indonesia;1970;IDN;115657438;220830564352.000;;;;;;;;;;-13.000;-151;8.781;1.012;;;-10.417;-163;12.152;1.400;;946;;;;;7.185;7.170;928.207;484;5.551;4.974;;;820.807;94.580;;88.429;3.856;467;12.576;;;109.138;-59.220;-18.572;110.988;12.789;;11.758;;21.566;2.195;12.376;36.186;4.185;107.400;;11.571;21.566;2.195;12.376;;;107.400;;11.571;;;;0;0;0;0;0;;0;6.103;4.659;80.993;;;702.888;33.022;124.472;4351.437;501.409;;75.725;0;0;;;0;0;;0;;;0;;106.956;21.566;2.195;12.376;;;107.400;;11.571;;;;;;;;;;0;0;0;0;0;;0
Indonesia;1971;IDN;118833649;233065676800.000;;;;;;;;;;14.943;151;9.827;1.163;;;15.116;212;13.620;1.612;;1.141;;;;;-4.725;-5.054;861.044;437;3.430;3.244;;;826.592;97.825;;95.999;1.130;142;12.718;;;107.463;19.048;2.436;128.647;15.225;;12.481;;-67.054;-8.298;4.077;11.603;1.379;34.452;;4.001;-67.054;-8.298;4.077;11.603;1.379;34.452;;4.001;;;;0;0;0;0;0;;0;3.644;2.951;83.944;;;709.302;4.450;22.311;4425.287;523.720;;82.377;0;0;;;0;0;;0;;;0;;101.902;-67.054;-8.298;4.077;11.603;1.379;34.452;;4.001;;;0;0;0;0;;0;;0;0;0;0;0;;0
Indonesia;1972;IDN;122039794;259469197312.000;;;;;;;;;;0;0;9.572;1.163;;;-9.596;-155;11.993;1.457;;1.076;;;;;6.050;6.165;889.410;416;6.743;6.596;;;859.403;104.421;;96.626;-1.915;-244;12.474;;;102.666;-25.933;-3.948;92.809;11.277;;11.543;;-10.577;-431;3.646;10.103;1.233;30.007;;3.374;-10.577;-431;3.646;10.103;1.233;30.007;;3.374;;;;0;0;0;0;0;;0;8.148;6.840;90.784;;;747.165;21.520;112.706;5237.899;636.426;;84.007;0;0;;;0;0;;0;;;0;;108.067;-10.577;-431;3.646;10.103;1.233;30.007;;3.374;;0;0;0;0;0;;0;;0;0;0;0;0;;0
Indonesia;1973;IDN;125288460;297900736512.000;;;;;;;;;;-33.000;-384;6.248;779;;;-16.760;-244;9.727;1.213;;639;;;;;12.776;13.807;977.265;409;12.309;12.853;;;940.379;117.274;;96.226;-34.906;-4.354;8.120;;;65.112;54.995;6.202;140.153;17.478;;6.663;;26.165;954;4.600;12.416;1.556;36.886;;3.774;26.165;954;4.600;12.416;1.556;36.886;;3.774;;;;0;0;0;0;0;;0;19.377;17.591;108.375;;;869.019;23.436;149.154;6299.301;785.580;;88.924;0;0;;;0;0;;0;;;0;;121.874;26.165;954;4.600;12.416;1.556;36.886;;3.774;;0;0;0;0;0;;0;;0;0;0;0;0;;0
Indonesia;1974;IDN;128554995;313092767744.000;;;;;;;;;;8.955;70;6.636;849;;;4.698;57;9.926;1.270;;650;;;;;7.164;8.731;1020.784;417;7.021;8.234;;;980.950;125.508;;96.098;40.875;3.319;11.439;;;89.406;3.252;568;141.050;18.047;;8.759;;10.795;497;5.097;13.407;1.724;39.834;;3.902;10.795;497;5.097;13.407;1.724;39.834;;3.902;;;;0;0;0;0;0;;0;4.471;4.845;113.220;;;884.908;2.765;21.724;6309.762;807.304;;86.689;0;0;;;0;0;;0;;;0;;130.604;10.795;497;5.097;13.407;1.724;39.834;;3.902;;0;0;0;0;0;;0;;0;0;0;0;0;;0
Indonesia;1975;IDN;131843799;313087950848.000;;;;;;;;;;27.397;233;8.243;1.082;;;32.051;407;12.781;1.677;;676;;;;;22.449;29.320;1218.813;511;23.163;29.072;;;1178.078;154.579;;96.658;106.744;12.210;23.649;;;180.237;31.046;5.603;180.237;23.649;;14.788;;4.872;248;5.345;13.710;1.808;40.734;;3.342;4.872;248;5.345;13.710;1.808;40.734;;3.342;;;;0;0;0;0;0;;0;14.687;16.629;129.848;;;989.598;-5.018;-40.512;5843.861;766.792;;81.194;0;0;;;0;0;;0;;;0;;159.924;4.872;248;5.345;13.710;1.808;40.734;;3.342;;0;0;0;0;0;;0;;0;0;0;0;0;;0
Indonesia;1976;IDN;135173615;340620640256.000;;;;;;;;;;0;0;8.040;1.082;;;-6.311;-106;11.680;1.571;;644;;;;;5.029;8.043;1248.631;493;6.632;10.251;;;1225.316;164.831;;98.133;858;203;23.852;;;177.314;858;203;177.314;23.852;;14.201;;-41.320;-2.209;3.136;7.847;1.061;23.315;;1.867;-41.320;-2.209;3.136;7.847;1.061;23.315;;1.867;;;;0;0;0;0;0;;0;7.738;10.048;139.897;;;1039.961;15.461;118.555;6581.477;885.347;;83.288;0;0;;;0;0;;0;;;0;;167.967;-41.320;-2.209;3.136;7.847;1.061;23.315;;1.867;;0;0;0;0;0;;0;;0;0;0;0;0;;0
Indonesia;1977;IDN;138533490;367091515392.000;;;;;;;;;;7.527;81;8.436;1.163;;;19.689;309;13.641;1.881;;524;;;;;32.219;54.118;1610.928;605;31.572;52.040;;;1573.106;216.871;;97.652;112.766;26.898;50.750;;;368.123;140.851;33.597;416.715;57.449;;22.852;;66.250;2.078;5.214;12.729;1.763;37.822;;2.348;66.250;2.078;5.214;12.729;1.763;37.822;;2.348;;;;0;0;0;0;0;;0;17.914;25.061;164.958;;;1196.547;11.574;102.466;7165.254;987.813;;74.277;0;0;;;0;0;;0;;;0;;222.085;66.250;2.078;5.214;12.729;1.763;37.822;;2.348;;0;0;0;0;0;;0;;0;0;0;0;0;;0
Indonesia;1978;IDN;141953114;383794675712.000;;;;;;;;;;33.000;384;10.951;1.547;;;14.286;269;15.216;2.149;;619;;;;;12.504;27.770;1768.873;651;13.492;29.260;;;1742.506;246.131;;98.509;15.600;7.917;58.667;;;415.339;92.226;52.983;781.814;110.432;;23.480;;-28.571;-1.490;3.724;8.873;1.260;26.367;;1.491;-28.571;-1.490;3.724;8.873;1.260;26.367;;1.491;;;;0;0;0;0;0;;0;12.706;20.959;185.917;;;1316.216;-3.334;-32.936;6760.145;954.877;;74.410;0;0;;;0;0;;0;;;0;;249.855;-28.571;-1.490;3.724;8.873;1.260;26.367;;1.491;;0;0;0;0;0;;0;;0;0;0;0;0;;0
Indonesia;1979;IDN;145434786;404845723648.000;;;;;;;;;;50.376;779;16.075;2.326;;;5.682;122;15.698;2.271;;818;;;;;13.851;34.608;1965.976;703;13.891;34.190;;;1937.346;280.321;;98.544;29.066;17.052;75.719;;;523.308;45.037;49.735;1106.943;160.167;;26.618;;11.228;418;4.143;9.633;1.401;28.630;;1.456;11.228;418;4.143;9.633;1.401;28.630;;1.456;;;;0;0;0;0;0;;0;8.799;16.359;202.276;;;1397.963;-3.118;-29.769;6393.585;925.108;;71.108;0;0;;;0;0;;0;;;0;;284.463;11.228;418;4.143;9.633;1.401;28.630;;1.456;;0;0;0;0;0;;0;;0;0;0;0;0;;0
Indonesia;1980;IDN;148950491;439667556352.000;;;;;;;;;;26.500;616;19.857;2.942;;;71.402;1.622;26.273;3.893;;963;;;;;7.434;21.148;2062.471;695;7.684;21.540;;;2037.160;301.860;;98.773;-5.764;-4.365;71.354;;;481.549;17.300;27.710;1267.919;187.877;;23.348;;-9.464;-392;3.751;8.515;1.268;25.311;;1.227;-9.464;-392;3.751;8.515;1.268;25.311;;1.227;;;;0;0;0;0;0;;0;12.502;25.288;227.564;;;1535.754;-641;-5.930;6203.238;919.178;;74.462;0;0;;;0;0;;0;;;0;;305.611;-9.464;-392;3.751;8.515;1.268;25.311;;1.227;;0;0;0;0;0;;0;;0;0;0;0;0;;0
Indonesia;1981;IDN;152484982;469898625024.000;;;;;;;;;;6.719;198;20.701;3.140;;;-29.588;-1.152;18.072;2.741;;958;;;;;7.213;22.042;2160.072;697;7.306;22.055;;;2135.432;323.916;;98.859;-142;-102;71.253;;;469.739;1.405;2.639;1255.983;190.516;;21.746;;-348;-13;3.737;8.289;1.264;24.640;;1.141;-348;-13;3.737;8.289;1.264;24.640;;1.141;;;;0;0;0;0;0;;0;9.650;21.959;249.523;;;1644.992;1.173;10.781;6130.803;929.959;;76.155;0;0;;;0;0;;0;;;0;;327.653;-348;-13;3.737;8.289;1.264;24.640;;1.141;;0;0;0;0;0;;0;;0;0;0;0;0;;0
Indonesia;1982;IDN;156052104;452605673472.000;;;;;;;;;;-5.556;-174;19.105;2.966;;;47.500;1.302;26.048;4.043;;888;;;;;1.961;6.424;2152.163;738;1.878;6.084;;;2125.897;330.000;;98.780;-4.986;-3.552;67.701;;;436.134;1.652;3.146;1247.592;193.662;;20.265;;9.091;340;4.077;8.836;1.379;26.266;;1.220;9.091;340;4.077;8.836;1.379;26.266;;1.220;;;;0;0;0;0;0;;0;3.932;9.811;259.334;;;1670.658;-16.731;-155.589;4988.574;774.370;;77.627;0;0;;;0;0;;0;;;0;;334.077;9.091;340;4.077;8.836;1.379;26.266;;1.220;;0;0;0;0;0;;0;;0;0;0;0;0;;0
Indonesia;1983;IDN;159651335;470680076288.000;;;;;;;;;;0;0;18.676;2.966;;;10.169;411;28.053;4.455;;838;;;;;5.901;19.712;2228.026;752;5.352;17.661;;;2189.429;347.661;;98.268;34.183;23.142;90.843;;;572.090;14.099;27.303;1391.553;220.965;;25.677;;50.321;2.052;6.129;12.983;2.073;38.598;;1.732;50.321;2.052;6.129;12.983;2.073;38.598;;1.732;;;;0;0;0;0;0;;0;-2.114;-5.481;253.853;;;1598.662;6.158;47.683;5176.959;822.052;;71.752;0;0;;;0;0;;0;;;0;;353.790;50.321;2.052;6.129;12.983;2.073;38.598;;1.732;;0;0;0;0;0;;0;;0;0;0;0;0;;0
Indonesia;1984;IDN;163251072;503305961472.000;;;;;;;;;;4.706;140;19.129;3.105;;;126.154;5.620;62.058;10.074;;797;;;;;10.076;35.646;2399.010;774;10.092;35.084;;;2357.793;382.745;;98.282;16.760;15.225;106.067;;;653.399;34.819;76.937;1835.144;297.902;;27.236;;9.168;562;6.691;13.860;2.263;41.217;;1.718;9.168;562;6.691;13.860;2.263;41.217;;1.718;;;;0;0;0;0;0;;0;7.768;19.720;273.572;;;1685.265;5.954;48.947;5365.545;871.000;;70.248;0;0;;;0;0;;0;;;0;;389.436;9.168;562;6.691;13.860;2.263;41.217;;1.718;;0;0;0;0;0;;0;;0;0;0;0;0;;0
Indonesia;1985;IDN;166776143;515643146240.000;;;;;;;;;;237.079;7.362;63.133;10.467;31.251;5.212;36.054;3.632;82.671;13.706;31.840;2.534;;;16.369;4.016;6.047;23.549;2490.985;801;5.763;22.059;81.561;13.602;2441.642;404.804;83.099;98.019;18.278;19.387;125.454;10.881;1.815;756.697;10.051;29.942;1977.451;327.845;11.086;30.377;;22.266;1.490;8.181;16.588;2.767;49.343;16.901;1.981;22.266;1.490;8.181;16.588;2.767;49.343;16.901;1.981;;;;0;0;0;0;0;0;0;-1.714;-4.689;268.883;39.429;6.576;1621.812;-11.420;-99.468;4653.622;771.532;40.172;65.107;0;0;;;0;0;;0;0;;0;98.150;412.985;22.266;1.490;8.181;16.588;2.767;49.343;16.901;1.981;;0;0;0;0;0;0;0;;0;0;0;0;0;0;0
Indonesia;1986;IDN;170175010;545914224640.000;;;;;;;;;;60.667;6.350;99.429;16.817;31.433;5.349;29.500;4.043;104.943;17.750;29.047;3.813;;;18.415;4.260;6.790;28.041;2607.531;808;5.694;23.049;82.035;13.960;2529.649;427.853;75.809;97.013;7.848;9.845;135.299;10.944;1.862;799.948;4.056;13.297;2016.974;341.141;10.114;30.678;;61.022;4.992;13.173;26.177;4.455;77.882;24.191;2.987;61.022;4.992;13.173;26.177;4.455;77.882;24.191;2.987;;;;0;0;0;0;0;0;0;2.549;6.853;275.736;39.658;6.749;1630.271;6.075;46.868;4838.730;818.400;36.648;62.522;0;0;;;0;0;;0;0;;0;108.212;441.025;61.022;4.992;13.173;26.177;4.455;77.882;24.191;2.987;;0;0;0;0;0;0;0;;0;0;0;0;0;0;0
Indonesia;1987;IDN;173511105;572867018752.000;;;;;;;;;;56.777;9.548;152.911;26.365;35.635;6.183;16.988;3.015;120.431;20.765;29.841;5.664;;;20.720;4.539;5.548;24.470;2699.753;813;5.631;24.091;93.003;16.137;2621.157;451.944;77.882;97.089;3.451;4.669;139.968;12.407;2.153;811.781;6.843;23.345;2113.929;364.487;10.390;30.069;;2.877;379;13.552;26.413;4.583;78.596;22.118;2.911;2.877;379;13.552;26.413;4.583;78.596;22.118;2.911;;;;0;0;0;0;0;0;0;3.581;9.873;285.610;44.960;7.801;1656.464;-775;-6.343;4709.723;812.057;37.650;61.356;0;0;;;0;0;;0;0;;0;119.416;465.495;2.877;379;13.552;26.413;4.583;78.596;22.118;2.911;;0;0;0;0;0;0;0;;0;0;0;0;0;0;0
Indonesia;1988;IDN;176855016;605642489856.000;;;;;;;;;;4.455;1.175;156.748;27.540;42.840;7.576;48.185;10.006;175.136;30.770;30.541;5.604;;;24.807;5.151;5.566;25.908;2796.916;811;5.438;24.575;111.805;19.773;2712.198;476.519;79.709;96.971;6.164;8.628;148.596;14.916;2.638;845.763;9.217;33.596;2265.766;398.083;10.634;30.239;;9.836;1.333;14.885;28.462;5.034;84.718;20.291;3.029;9.836;1.333;14.885;28.462;5.034;84.718;20.291;3.029;;;;0;0;0;0;0;0;0;5.172;14.773;300.383;54.050;9.559;1709.686;-3.630;-29.477;4454.204;782.580;38.533;61.128;0;0;;;0;0;;0;0;;0;140.267;491.403;9.836;1.333;14.885;28.462;5.034;84.718;20.291;3.029;;0;0;0;0;0;0;0;;0;0;0;0;0;0;0
Indonesia;1989;IDN;180201584;660041629696.000;;;;;;;;;;50.084;13.793;230.976;41.333;47.219;8.509;93.764;28.852;333.178;59.622;29.869;7.586;;;28.487;5.349;10.880;53.466;3044.827;826;10.447;49.781;123.234;22.207;2941.056;526.299;77.955;96.592;11.954;17.762;166.359;16.441;2.963;929.641;5.201;20.706;2340.268;418.789;10.400;30.532;;24.759;3.685;18.570;34.850;6.280;103.771;22.045;3.408;24.759;3.685;18.570;34.850;6.280;103.771;22.045;3.408;;;;0;0;0;0;0;0;0;6.067;18.225;318.608;59.575;10.736;1780.438;6.451;50.481;4655.292;833.061;37.686;58.474;0;0;;;0;0;;0;0;;0;158.084;544.869;24.759;3.685;18.570;34.850;6.280;103.771;22.045;3.408;;0;0;0;0;0;0;0;;0;0;0;0;0;0;0
Indonesia;1990;IDN;183501051;718548893696.000;;;;;;;;;;-3.738;-1.545;218.423;39.788;53.231;9.768;23.333;13.912;403.677;73.534;29.498;6.629;;;33.115;5.657;10.151;55.310;3294.792;835;9.782;51.482;138.925;25.493;3171.835;577.781;76.983;96.268;3.229;5.372;171.730;18.533;3.401;942.745;6.354;26.609;2445.095;445.398;10.270;28.613;;3.383;628;19.198;35.381;6.492;105.391;19.606;3.199;21.336;3.828;22.398;41.525;7.620;122.957;23.010;3.732;;;;0;0;0;0;0;0;0;14.957;47.655;366.263;67.161;12.324;2010.667;3.913;32.601;4752.209;865.662;37.216;61.026;3.200;1.127;;;3.200;6.144;;17.566;3.405;;533;180.461;600.179;21.336;3.828;22.398;41.525;7.620;122.957;23.010;3.732;;0;0;0;0;0;0;0;;0;0;0;0;0;0;0
Indonesia;1991;IDN;186778184;786440060928.000;;;;;;;;;;1.202;478;217.231;40.266;59.142;11.046;28.984;21.313;511.686;94.847;28.991;6.167;;;38.103;5.986;8.791;52.760;3522.519;830;8.700;50.264;158.691;29.640;3388.224;628.045;77.790;96.188;15.115;25.957;197.687;23.289;4.350;1066.495;9.810;43.694;2638.589;489.092;11.416;30.276;;14.120;2.711;21.909;39.668;7.409;118.195;19.445;3.355;11.034;2.495;24.893;45.298;8.461;134.295;22.205;3.812;;;;0;0;0;0;0;0;0;6.506;23.829;390.092;76.261;14.244;2104.497;8.829;76.433;5082.479;942.094;37.383;59.744;2.984;1.051;;-6.738;-216;5.629;;16.100;2.760;;457;203.999;652.938;11.034;2.495;24.893;45.298;8.461;134.295;22.205;3.812;;0;0;0;0;0;0;0;;0;0;0;0;0;0;0
Indonesia;1992;IDN;190043693;841780428800.000;;;;;;;;;;22.065;8.885;260.667;49.151;59.785;11.362;61.561;58.388;812.667;153.235;28.204;6.856;;;40.284;5.788;9.790;63.922;3801.794;852;9.110;57.212;155.497;29.551;3634.190;685.257;73.356;95.591;9.059;17.909;215.596;17.098;3.249;1143.391;5.974;29.219;2748.808;518.311;8.066;30.075;;30.183;6.613;28.522;50.754;9.645;151.261;23.943;3.979;26.837;6.710;31.603;56.467;10.731;167.604;26.639;4.409;;;;0;0;0;0;0;0;0;7.798;30.418;420.510;78.614;14.940;2230.133;-5.278;-49.720;4732.613;892.374;37.087;58.660;3.082;1.086;;3.260;97;5.713;;16.342;2.695;;430;211.974;716.860;26.837;6.710;31.603;56.467;10.731;167.604;26.639;4.409;;0;0;0;0;0;0;0;;0;0;0;0;0;0;0
Indonesia;1993;IDN;193305126;912702701568.000;;;;;;;;;;16.573;8.146;298.829;57.297;55.256;10.681;23.345;35.773;985.767;189.008;26.900;7.501;;;39.707;5.334;6.554;46.982;3983.798;837;7.179;49.195;153.759;29.722;3830.516;734.453;74.853;96.152;6.074;13.095;228.691;22.334;4.317;1192.732;3.890;20.165;2808.404;538.476;10.873;29.940;;-7.821;-2.231;26.291;45.995;8.891;137.119;22.391;3.442;-6.972;-2.213;29.390;51.644;9.983;153.283;25.142;3.848;;;;0;0;0;0;0;0;0;6.648;27.954;448.465;76.168;14.724;2338.955;157;1.403;4661.469;893.777;37.081;58.712;3.099;1.092;;574;18;5.649;;16.164;2.750;;406;205.413;763.843;-6.972;-2.213;29.390;51.644;9.983;153.283;25.142;3.848;;0;0;0;0;0;0;0;;0;0;0;0;0;0;0
Indonesia;1994;IDN;196591779;986200276992.000;;;;;;;;;;35;20;294.040;57.317;65.136;12.805;19.181;36.253;1155.609;225.261;27.881;7.168;;;45.928;5.880;4.687;35.804;4102.256;811;5.043;37.037;184.847;36.339;3957.806;771.489;79.122;96.479;18.427;42.140;270.831;62.737;12.333;1389.388;13.939;75.057;3147.476;613.533;26.854;33.869;;-10.214;-2.685;23.605;40.607;7.983;121.098;17.381;2.952;-3.969;-1.233;28.157;48.765;9.587;144.450;20.873;3.521;;;;0;0;0;0;0;0;0;-1.142;-5.124;443.341;56.975;11.201;2274.378;116;1.039;4590.486;894.817;24.387;55.442;4.552;1.604;;46.882;1.453;8.159;;23.352;3.492;;569;233.623;799.647;-3.969;-1.233;28.157;48.765;9.587;144.450;20.873;3.521;;0;0;0;0;0;0;0;;0;0;0;0;0;0;0
Indonesia;1995;IDN;199888001;1072204283904.000;;;;;;;;;;10.051;5.761;318.348;63.077;71.873;14.367;27.289;61.472;1447.124;286.733;26.546;7.248;;;54.121;6.367;8.834;70.637;4392.265;812;8.813;67.993;218.184;43.612;4236.811;839.482;80.584;96.461;5.447;14.753;285.584;103.391;20.667;1441.325;452;2.771;3110.446;616.304;38.186;32.815;;3.886;917;24.523;41.489;8.293;123.765;15.323;2.818;9.584;2.644;30.802;52.558;10.506;155.454;19.412;3.539;;;;0;0;0;0;0;0;0;10.709;47.479;490.820;42.920;8.579;2477.137;-631;-5.650;4487.563;889.167;15.852;56.398;6.279;2.213;;37.946;1.727;11.069;;31.690;4.088;;721;270.754;870.284;9.584;2.644;30.802;52.558;10.506;155.454;19.412;3.539;;0;0;0;0;0;0;0;;0;0;0;0;0;0;0
Indonesia;1996;IDN;203204307;1161281404928.000;;;;;;;;;;19.201;12.111;373.380;75.189;82.039;16.671;20.339;58.320;1713.496;345.053;28.319;8.058;;;58.868;6.458;7.223;62.862;4633.902;804;7.257;60.922;234.729;47.698;4471.307;900.404;81.026;96.491;4.104;11.721;297.305;107.555;21.856;1476.385;5.368;33.083;3224.788;649.388;37.126;31.861;;6.406;1.571;26.094;43.426;8.824;129.578;14.990;2.796;6.297;1.941;32.742;54.956;11.167;162.595;18.970;3.509;;;;0;0;0;0;0;0;0;7.557;37.090;527.910;45.136;9.172;2621.542;355;3.160;4431.196;892.327;15.580;56.573;6.649;2.343;;5.891;370;11.530;;33.017;3.980;;713;289.697;933.146;6.297;1.941;32.742;54.956;11.167;162.595;18.970;3.509;;0;0;0;0;0;0;0;;0;0;0;0;0;0;0
Indonesia;1997;IDN;206536049;1221454594048.000;;;;;;;;;;23.328;17.540;453.158;92.729;99.124;20.473;8.878;30.633;1835.949;375.687;28.961;9.157;;;70.691;7.096;8.525;79.549;4948.957;829;9.685;87.204;300.647;62.095;4826.357;987.608;87.839;97.523;4.308;12.809;310.114;143.391;29.615;1515.502;2.664;17.302;3258.057;666.690;41.894;30.623;;-33.529;-8.749;17.345;28.400;5.866;84.761;8.298;1.713;-23.043;-7.655;25.087;41.610;8.594;122.599;12.157;2.477;;;;0;0;0;0;0;0;0;10.770;56.855;584.765;58.132;12.006;2857.698;-1.323;-11.806;4303.030;880.521;16.984;57.743;7.743;2.728;;16.455;1.094;13.210;;37.838;3.860;;765;342.270;1012.695;-23.043;-7.655;25.087;41.610;8.594;122.599;12.157;2.477;;0;0;0;0;0;0;0;;0;0;0;0;0;0;0
Indonesia;1998;IDN;209826738;1066065657856.000;;;;;;;;;;7.315;6.783;478.755;99.512;106.929;22.437;13.517;50.781;2051.752;426.468;29.255;9.995;;;76.693;7.913;-1.691;-17.126;4789.716;934;-3.241;-32.010;300.439;63.040;4597.414;955.598;82.198;95.985;-3.587;-11.125;298.990;148.090;31.073;1438.449;-1.669;-11.125;3153.947;655.565;40.517;30.032;;76.682;13.300;30.645;49.391;10.363;147.433;13.513;3.078;58.832;14.884;39.971;65.054;13.650;192.303;17.798;4.015;;;;0;0;0;0;0;0;0;-4.732;-27.669;557.096;45.420;9.530;2680.209;-1.995;-17.568;4151.692;862.952;12.427;55.958;9.326;3.286;;20.456;1.584;15.663;;44.870;4.285;;937;365.505;995.569;58.832;14.884;39.971;65.054;13.650;192.303;17.798;4.015;;0;0;0;0;0;0;0;;0;0;0;0;0;0;0
Indonesia;1999;IDN;213004610;1079382507520.000;;;;;;;;;;37.636;37.452;649.128;136.964;123.635;26.335;18.399;78.468;2393.096;504.936;31.362;12.600;;;83.971;7.926;9.182;91.417;5151.667;1.007;9.367;89.512;326.979;69.648;4953.201;1045.110;82.943;96.148;8.672;25.928;324.917;157.262;33.498;1539.915;8.439;55.323;3369.188;710.888;39.892;29.892;;157;48;30.693;48.730;10.380;145.466;12.361;2.824;4.912;1.905;41.876;67.231;14.321;198.466;17.054;3.852;;;;0;0;0;0;0;0;0;4.691;26.133;583.229;46.081;9.815;2764.158;-7.542;-65.085;3781.414;797.867;11.689;53.656;11.183;3.941;;19.907;1.856;18.501;;53.000;4.693;;1.029;394.221;1086.986;4.912;1.905;41.876;67.231;14.321;198.466;17.054;3.852;;0;0;0;0;0;0;0;;0;0;0;0;0;0;0
Indonesia;2000;IDN;216077748;1138300157952.000;;;0;0;19.808;4.280;4.366;0;630.661;11.759;16.105;715.036;153.069;157.351;34.000;4.561;23.028;2466.285;527.964;34.680;13.156;98.040;453.726;98.040;8.602;7.041;76.532;5435.159;1.022;7.173;74.964;363.017;78.440;5232.220;1120.074;80.008;96.266;1.580;5.134;330.052;147.771;31.930;1541.775;-569;-4.044;3301.893;706.844;32.568;28.367;61.830;-3.505;-1.076;29.617;46.372;10.020;138.351;10.220;2.545;3.966;1.568;43.444;90.708;19.600;202.940;19.992;3.734;0;0;;0;0;0;0;0;0;0;9.212;53.724;636.953;57.896;12.510;2975.409;4.673;37.286;3901.265;835.153;12.760;54.744;13.827;9.580;5.300;23.642;2.644;44.336;24.528;64.588;9.772;5.406;1.188;453.726;1163.518;3.966;1.568;43.444;90.708;19.600;202.940;19.992;3.734;;0;0;0;0;0;0;0;;0;0;0;0;0;0;0
Indonesia;2001;IDN;219097854;1185220919296.000;;0;0;0;20.904;4.580;4.314;0;626.036;26.957;41.262;895.074;194.332;172.115;37.710;20.120;106.225;2921.014;634.188;35.522;15.593;106.160;484.532;106.160;8.722;7.111;82.740;5740.150;1.051;6.690;74.931;383.253;83.970;5504.081;1195.005;79.098;95.887;3.422;11.294;341.346;151.028;33.090;1572.208;-2.911;-20.579;3160.874;686.265;31.170;27.390;66.460;16.364;4.623;34.240;53.173;11.650;157.706;10.974;2.747;18.815;7.810;51.253;101.279;22.190;236.069;20.902;4.113;0;0;;0;0;0;0;0;0;0;3.513;22.374;659.327;60.110;13.170;3036.799;-5.062;-42.279;3651.904;792.874;12.406;52.905;17.014;10.540;5.960;23.853;3.187;48.106;27.202;78.363;9.928;5.614;1.365;484.532;1246.258;18.815;7.810;51.253;101.279;22.190;236.069;20.902;4.113;;0;0;0;0;0;0;0;;0;0;0;0;0;0;0
Indonesia;2002;IDN;222088455;1244249980928.000;;0;0;0;21.163;4.700;4.158;0;643.489;3.151;6.124;910.686;200.456;193.301;42.930;11.658;73.935;3217.062;708.124;37.978;15.656;113.040;508.986;113.040;9.008;2.738;34.126;5816.885;1.029;3.255;38.898;414.429;92.040;5605.714;1233.902;81.423;96.370;8.698;29.689;371.034;131.749;29.260;1685.639;10.147;69.637;3434.124;755.902;25.885;28.978;72.740;-14.775;-5.247;28.993;44.712;9.930;131.716;8.785;2.264;-8.555;-4.772;46.482;94.557;21.000;211.170;18.577;3.630;0;0;;0;0;0;0;0;0;0;468;3.085;662.412;89.379;19.850;3009.390;-7.108;-56.361;3346.035;736.513;17.560;51.735;17.489;11.070;6.370;3.458;475;49.845;28.682;79.454;9.793;5.635;1.366;508.986;1280.384;-8.555;-4.772;46.482;94.557;21.000;211.170;18.577;3.630;;0;0;0;0;0;0;0;;0;0;0;0;0;0;0
Indonesia;2003;IDN;225047958;1309811277824.000;;0;0;0;21.329;4.800;4.089;0;656.530;34.237;68.631;1206.234;269.087;206.445;46.460;10.596;75.034;3510.657;783.158;39.577;19.372;117.390;521.622;117.390;8.600;8.488;108.684;6226.767;1.061;9.015;111.236;433.552;97.570;6029.846;1345.139;83.116;96.838;6.616;24.547;395.582;124.196;27.950;1773.272;4.718;35.666;3548.359;791.568;23.810;28.478;77.070;-8.396;-2.605;26.388;40.436;9.100;118.290;7.752;1.900;-4.793;-2.553;43.929;88.070;19.820;196.921;16.884;3.162;0;0;;0;0;0;0;0;0;0;2.726;18.058;680.470;102.911;23.160;3050.340;-8.971;-66.074;3005.372;670.439;19.729;48.988;17.541;10.720;5.920;939;52;47.634;26.306;78.631;9.132;5.043;1.263;521.622;1389.068;-4.793;-2.553;43.929;88.070;19.820;196.921;16.884;3.162;;0;0;0;0;0;0;0;;0;0;0;0;0;0;0
Indonesia;2004;IDN;227926604;1387446403072.000;;0;0;0;21.981;5.010;4.015;0;653.711;-8.067;-21.706;1094.902;247.381;211.515;48.210;15.867;124.263;4016.230;907.421;38.636;17.980;124.780;547.457;124.780;9.240;-952;-13.221;6089.472;992;-1.160;-15.605;455.454;103.810;5884.490;1329.533;83.194;96.634;-8.484;-33.560;362.022;117.406;26.760;1602.302;-4.374;-34.622;3350.233;756.947;21.446;26.313;81.570;6.319;1.489;27.877;42.426;9.670;123.384;7.750;2.026;6.095;2.384;46.313;92.003;20.970;204.981;16.806;3.366;0;0;;0;0;0;0;0;0;0;5.828;39.661;720.131;126.532;28.840;3187.286;-3.638;-24.391;2859.395;646.048;23.113;52.341;18.436;11.300;6.290;5.771;895;49.577;27.597;81.598;9.056;5.041;1.340;547.457;1375.847;6.095;2.384;46.313;92.003;20.970;204.981;16.806;3.366;;0;0;0;0;0;0;0;;0;0;0;0;0;0;0
Indonesia;2005;IDN;230871600;1474875359232.000;;21;91;21;23.086;5.330;4.011;1;650.538;14.702;36.369;1240.136;283.749;224.497;51.830;15.490;140.563;4580.247;1047.984;39.002;20.039;132.890;575.601;132.890;9.562;2.919;40.168;6188.735;960;2.826;37.569;477.452;110.230;5974.964;1367.103;82.948;96.546;529;1.914;363.936;93.992;21.700;1590.592;760;5.751;3333.395;762.698;16.329;25.701;86.450;10.864;2.833;30.710;46.476;10.730;134.219;8.074;2.169;6.250;2.599;48.912;98.150;22.660;213.771;17.052;3.454;0;0;;0;0;0;0;0;0;0;-99;-714;719.417;158.963;36.700;3144.236;-3.303;-21.338;2730.313;624.710;27.617;50.806;18.181;11.930;6.600;-759;-255;51.674;28.587;79.461;8.977;4.967;1.284;575.601;1416.014;6.250;2.599;48.912;98.150;22.660;213.771;17.052;3.454;;0;0;0;0;0;0;0;;0;0;0;0;0;0;0
Indonesia;2006;IDN;233951608;1565012918272.000;121.396;25;199;46;20.945;4.900;3.551;3;668.116;16.578;47.039;1427.060;330.789;250.778;58.670;24.828;260.190;5643.610;1308.174;42.514;22.968;138.000;589.866;138.000;9.747;1.708;24.189;6213.201;920;2.007;27.444;499.334;116.820;6016.228;1394.546;84.652;96.830;1.972;7.178;371.114;102.372;23.950;1601.026;-1.144;-8.727;3252.715;753.971;17.355;25.768;92.200;-10.275;-3.329;27.381;41.120;9.620;118.126;6.971;1.901;-5.862;-3.254;45.658;90.532;21.180;196.972;15.348;3.170;0;0;;0;0;0;0;0;0;0;-3.722;-26.774;692.644;146.184;34.200;2988.142;-6.496;-40.582;2519.991;584.127;24.783;48.093;18.230;11.560;6.660;892;49;49.412;28.467;78.648;8.377;4.826;1.266;589.866;1440.204;-5.862;-3.254;45.658;90.532;21.180;196.972;15.348;3.170;;0;0;0;0;0;0;0;;0;0;0;0;0;0;0
Indonesia;2007;IDN;237062283;1674227351552.000;345.654;159;873;205;25.225;5.980;4.030;13;663.140;26.162;86.540;1776.940;417.329;269.549;63.900;12.591;164.709;6271.372;1472.884;43.059;26.999;148.400;625.996;148.400;9.770;7.325;105.495;6581.412;923;7.166;99.927;523.533;124.110;6363.298;1494.473;83.632;96.686;-6.654;-24.693;346.420;104.614;24.800;1475.019;-3.738;-28.180;3090.337;725.791;16.712;22.412;98.410;17.282;4.531;31.913;47.625;11.290;135.880;7.608;2.065;13.382;5.568;51.226;102.463;24.290;218.113;16.368;3.314;0;0;;0;0;0;0;0;0;0;5.498;38.080;730.724;149.370;35.410;3111.340;-4.761;-27.810;2368.736;556.317;23.861;47.275;19.108;13.000;7.020;5.469;878;54.838;29.612;81.360;8.760;4.730;1.236;625.996;1545.699;13.382;5.568;51.226;102.463;24.290;218.113;16.368;3.314;;0;0;0;0;0;0;0;;0;0;0;0;0;0;0
Indonesia;2008;IDN;240157845;1809491165184.000;7.774;16;929;221;27.066;6.500;4.169;14;652.983;-12.282;-51.258;1538.523;366.071;256.040;61.490;11.667;171.836;6912.432;1644.720;39.442;23.413;155.900;649.156;155.900;10.156;1.155;17.846;6571.270;864;934;13.961;539.479;129.560;6339.651;1508.435;83.105;96.475;14.585;50.526;396.947;115.591;27.760;1668.289;3.101;22.508;3144.954;748.299;17.806;25.388;101.800;2.146;483;32.395;48.010;11.530;136.150;7.396;2.072;8.398;3.885;55.111;109.678;26.340;231.619;16.895;3.525;0;0;;0;0;0;0;0;0;0;2.011;14.693;745.417;167.848;40.310;3132.839;3.329;18.520;2415.928;574.838;25.856;47.675;22.493;14.810;8.310;18.434;3.385;61.668;34.602;94.536;9.500;5.330;1.439;649.156;1563.545;8.398;3.885;55.111;109.678;26.340;231.619;16.895;3.525;;0;0;0;0;1;0;0;1250.000;1;1;0;0;3;0;0
Indonesia;2009;IDN;243219975;1905717411840.000;395.710;875;4.546;1.096;25.121;6.110;3.751;68;660.588;3.346;12.250;1569.918;378.321;270.989;65.910;4.676;76.901;7144.208;1721.621;40.468;23.554;162.870;669.641;162.870;10.333;2.727;42.640;6665.187;843;2.641;39.843;559.494;136.080;6424.887;1548.278;83.551;96.395;6.062;24.061;421.008;166.105;40.400;1747.057;4.295;32.141;3238.594;780.441;24.805;26.212;107.590;-1.253;-603;31.792;46.789;11.380;131.926;6.987;1.979;8.580;2.797;57.908;110.147;26.790;240.300;16.449;3.605;0;0;;0;0;0;0;0;0;0;474;3.532;748.949;122.399;29.770;3107.912;-2.063;-11.859;2336.190;562.978;18.278;46.629;25.010;15.410;9.300;11.875;2.517;63.358;38.237;103.784;9.462;5.710;1.557;669.641;1606.185;8.580;2.797;57.908;110.147;26.790;240.300;16.449;3.605;0;0;0;0;0;1;0;0;1259.259;9;10;0;0;43;0;1
Indonesia;2010;IDN;246305285;2039334567936.000;86.121;943;8.356;2.039;31.709;7.810;4.399;117;636.855;13.560;51.298;1760.618;429.619;278.029;68.480;2.211;38.067;7211.354;1759.687;38.567;24.714;177.560;720.894;177.560;10.448;8.228;132.149;7123.851;852;7.394;114.483;580.296;142.930;6814.140;1662.760;80.497;95.652;4.624;19.468;440.476;157.650;38.830;1805.109;11.476;89.565;3565.358;870.005;21.869;25.339;113.080;53.342;16.659;48.451;70.888;17.460;198.557;9.833;2.787;32.527;17.667;75.574;140.598;34.630;309.711;19.503;4.348;0;0;;0;0;0;0;0;0;0;5.837;43.717;792.665;144.617;35.620;3248.413;444;2.502;2317.388;565.480;20.061;45.599;25.073;17.170;9.360;834;63;69.710;38.002;102.750;9.670;5.271;1.442;720.894;1738.335;32.527;17.667;75.574;140.598;34.630;309.711;19.503;4.348;420.000;1;1;0;0;6;0;0;-817;0;10;0;0;41;0;1
Indonesia;2011;IDN;249469983;2178184511488.000;60.987;1.244;13.284;3.283;34.674;8.650;4.508;179;667.396;15.513;66.646;2008.361;496.266;325.049;81.090;25.229;443.946;8917.991;2203.633;42.261;27.024;191.880;769.151;191.880;10.618;5.640;98.035;7431.697;843;6.652;110.601;647.052;161.420;7176.706;1773.362;84.125;96.569;-2.982;-13.133;427.343;156.973;39.160;1729.436;-4.967;-43.215;3345.979;826.790;20.409;23.271;128.060;-28.857;-14.192;34.259;49.786;12.420;138.646;6.473;1.866;-12.538;-12.566;63.008;122.099;30.460;254.991;15.875;3.431;0;0;;0;0;0;0;0;0;0;7.202;57.088;849.753;165.030;41.170;3438.909;-4.763;-26.933;2179.472;538.547;21.456;46.274;25.451;18.040;9.390;1.793;378;72.313;37.640;102.999;9.402;4.894;1.386;769.151;1836.370;-12.538;-12.566;63.008;122.099;30.460;254.991;15.875;3.431;48.077;1;2;0;0;9;0;0;28.846;3;13;0;0;52;0;1
Indonesia;2012;IDN;252698471;2309530058752.000;86.351;2.835;24.447;6.117;35.101;8.870;4.245;323;687.500;1.902;9.440;2021.023;505.706;404.316;102.170;7.861;173.220;9498.951;2376.853;48.895;26.675;208.960;826.914;208.960;11.197;3.236;59.418;7576.405;821;3.134;55.575;703.803;177.850;7309.236;1828.937;85.112;96.474;554;2.369;429.712;193.590;48.920;1717.319;-5.297;-43.795;3129.195;782.996;23.411;22.667;143.660;3.062;835;35.094;50.653;12.800;140.252;6.126;1.851;13.151;3.844;66.852;123.111;31.110;267.169;14.888;3.526;0;0;;0;0;0;0;0;0;0;5.150;43.766;893.519;105.897;26.760;3570.895;-3.723;-20.048;2072.148;518.498;12.806;47.132;25.620;18.310;9.440;1.126;168;72.458;37.357;102.387;8.762;4.518;1.351;826.914;1895.788;13.151;3.844;66.852;123.111;31.110;267.169;14.888;3.526;290.909;6;8;0;0;33;0;0;-1.706;0;13;0;0;51;0;1
Indonesia;2013;IDN;255852410;2437876809728.000;56.652;3.465;37.834;9.582;35.724;9.140;4.059;529;682.299;-12.843;-64.949;1740.222;440.756;434.821;111.250;22.056;524.246;11454.301;2901.099;49.405;24.354;225.180;880.117;225.180;12.693;-4.534;-85.962;7145.670;742;-5.466;-99.972;741.365;189.680;6826.406;1728.964;84.235;95.532;-1.199;-5.150;424.562;226.889;58.050;1676.282;-863;-6.759;3064.786;776.237;25.779;23.459;153.640;32.218;11.027;46.122;66.132;16.920;182.100;7.514;2.548;26.163;14.010;80.862;138.752;35.500;319.265;15.765;4.468;0;0;;0;0;0;0;0;0;0;-3.343;-29.873;863.646;79.655;20.380;3409.902;-4.975;-25.796;1945.318;492.702;9.051;47.720;25.143;18.570;9.430;-1.066;-477;72.581;36.857;99.270;8.247;4.188;1.389;880.117;1809.826;26.163;14.010;80.862;138.752;35.500;319.265;15.765;4.468;82.724;7;15;39;10;59;4;1;-97.831;-12;0;0;0;1;0;0
Indonesia;2014;IDN;258877350;2559933415424.000;76.050;7.287;65.839;16.870;35.461;9.180;3.865;917;691.589;6.424;28.313;1830.660;469.070;461.724;119.530;-2.772;-80.420;11008.395;2820.678;50.320;25.498;237.550;917.616;237.540;13.152;1.645;29.775;7179.497;719;1.496;25.866;784.657;203.130;6848.658;1754.830;85.514;95.392;276;1.170;425.732;233.856;60.540;1661.525;-1.577;-12.241;2981.682;763.996;25.486;23.143;164.280;-10.409;-5.048;41.073;58.561;15.160;160.299;6.382;2.233;17.211;3.909;84.771;132.920;34.410;330.839;14.486;4.608;10;4;;0;0;0;0;0;0;0;-419;-3.618;860.028;89.077;23.060;3356.473;-3.311;-16.313;1859.225;476.389;9.708;46.751;26.809;19.240;10.060;7.144;1.666;74.321;38.860;104.628;8.100;4.235;1.457;917.577;1839.601;17.211;3.909;84.771;132.920;34.410;330.839;14.486;4.608;23.818;3;18;39;10;72;4;1;-100.000;0;0;0;0;0;0;0
Indonesia;2015;IDN;261799196;2684764028928.000;-50.407;-8.504;32.291;8.366;37.242;9.750;4.008;448;696.276;13.474;63.204;2054.382;532.274;476.166;124.660;329;9.273;10922.573;2829.951;51.241;28.523;243.290;929.300;243.280;13.257;1.441;26.500;7202.464;695;2.189;38.410;801.072;209.720;6921.250;1793.240;86.205;96.096;3.438;14.639;440.371;206.800;54.140;1699.670;-311;-2.374;2939.582;761.622;22.254;23.598;169.390;-9.371;-4.071;37.003;52.483;13.740;142.817;5.648;1.983;-22.850;-11.910;72.860;128.190;33.560;281.214;13.795;3.904;10;4;;0;0;0;0;0;0;0;-4.585;-39.433;820.596;118.106;30.920;3167.198;-934;-4.447;1821.522;471.942;12.710;43.974;27.467;19.810;10.060;2.499;658;75.669;38.426;106.012;8.143;4.135;1.472;929.262;1866.101;-22.850;-11.910;72.860;128.190;33.560;281.214;13.795;3.904;-22.467;-4;14;38;10;55;4;1;;10;10;0;0;38;0;1
Indonesia;2016;IDN;264627382;2819890085888.000;228.743;19.138;105.037;27.504;38.583;10.210;3.964;1.450;689.031;2.262;12.042;2078.731;544.316;511.587;135.380;-3.097;-87.645;10472.808;2742.306;52.565;28.696;258.240;975.863;257.550;13.869;1.646;30.711;7243.880;673;-181;-3.251;823.687;217.970;6835.929;1789.989;84.632;94.368;3.143;13.841;454.212;233.498;61.790;1734.624;-1.421;-10.822;2867.287;750.800;23.991;23.946;177.460;35.926;12.996;49.999;70.590;18.680;190.944;7.253;2.636;76.045;33.962;106.822;149.569;39.580;407.952;15.368;5.632;690;267;;0;0;0;0;0;0;0;-3.550;-29.134;791.461;78.601;20.800;3022.573;5.099;24.066;1894.242;496.008;8.076;41.726;29.248;20.870;10.660;6.891;1.781;78.866;40.283;111.697;8.103;4.139;1.542;973.255;1896.811;76.045;33.962;106.822;149.569;39.580;407.952;15.368;5.632;299.432;42;56;76;20;216;8;3;53.784;5;15;38;10;58;4;1
Indonesia;2017;IDN;267346608;2962852151296.000;-14.495;-3.987;88.913;23.517;42.903;11.470;4.315;1.195;688.448;4.004;21.793;2140.308;566.109;553.439;147.960;-1.868;-51.213;10174.310;2691.093;55.660;28.770;266.950;998.517;265.830;13.797;3.738;70.897;7439.383;664;3.914;70.064;832.777;222.640;7032.367;1860.053;83.753;94.529;-1.988;-9.029;445.182;208.830;55.830;1683.116;-3.163;-23.750;2748.783;727.050;21.002;22.624;183.010;-238;-413;49.586;69.685;18.630;187.472;7.008;2.520;-3.341;833;107.655;161.551;43.190;407.016;16.247;5.471;1.120;420;;0;0;0;0;0;0;0;7.240;57.300;848.762;70.508;18.850;3208.943;-3.990;-19.791;1800.450;476.217;7.091;43.135;34.474;24.530;13.060;18.761;5.227;91.754;48.850;130.339;9.228;4.913;1.752;994.327;1967.708;-3.341;833;107.655;161.551;43.190;407.016;16.247;5.471;37.743;21;77;112;30;292;11;4;-100.000;-15;0;0;0;0;0;0
Indonesia;2018;IDN;269951801;3116158943232.000;45.801;10.771;128.389;34.289;44.934;12.130;4.274;1.594;684.062;15.831;89.620;2455.301;655.729;592.735;160.010;18.101;487.114;11900.419;3178.207;56.383;30.476;285.290;1056.818;283.790;13.731;9.347;183.919;8056.511;690;6.668;124.031;872.045;235.410;7429.167;1984.084;82.952;92.213;1.713;7.628;452.810;212.816;57.450;1695.494;133;967;2725.972;728.017;20.244;21.045;194.130;16.122;7.658;57.244;80.162;21.640;214.343;7.625;2.660;48.842;59.887;167.543;179.217;48.380;627.344;17.048;7.787;1.500;526;;0;0;0;0;0;0;0;3.156;26.783;875.545;66.493;17.950;3278.373;-3.641;-17.338;1718.218;458.879;6.325;40.692;75.269;26.460;14.330;98.080;40.794;98.017;53.084;281.835;9.324;5.050;3.498;1051.262;2151.627;48.842;59.887;167.543;179.217;48.380;627.344;17.048;7.787;210.740;162;239;333;90;894;32;11;;503;503;704;190;1.882;67;23
Indonesia;2019;IDN;272489333;3272567947264.000;70.560;24.194;216.937;58.482;44.662;12.170;4.119;2.543;693.813;22.189;145.502;2972.114;801.231;640.355;174.490;12.221;388.421;13230.174;3566.628;59.061;34.842;297.120;1090.391;295.440;13.334;6.879;148.003;8530.325;703;6.307;125.144;907.925;247.400;7824.044;2109.229;83.740;91.720;414;1.874;454.684;228.706;62.320;1686.622;-7.168;-52.182;2506.963;675.834;21.094;19.772;204.980;-2.197;-1.464;55.780;77.654;21.160;206.912;7.162;2.426;28.884;22.859;190.401;176.300;48.040;706.281;16.260;8.280;1.680;565;;0;0;0;0;0;0;0;-2.539;-22.232;853.313;38.864;10.590;3165.308;-3.377;-15.497;1644.697;443.382;3.584;37.107;74.551;26.280;14.110;-631;-717;96.444;51.782;276.543;8.895;4.776;3.242;1084.226;2299.630;28.884;22.859;190.401;176.300;48.040;706.281;16.260;8.280;31.029;73;312;440;120;1.157;41;14;154.764;773;1.276;1.762;480;4.733;162;55
Indonesia;2020;IDN;274814825;3204972544000.000;31.332;18.324;282.524;76.806;44.939;12.350;4.232;3.550;685.046;-4.475;-35.851;2815.367;765.380;658.152;180.870;-8.275;-295.135;12033.832;3271.493;61.980;35.373;293.370;1067.519;291.820;14.082;-5.909;-135.876;7959.130;675;-7.897;-166.564;869.422;238.930;7145.881;1942.665;81.876;89.782;-6.351;-28.879;425.805;186.598;51.280;1566.279;-4.270;-28.860;2379.824;646.974;17.572;19.679;199.910;14.952;8.105;63.884;88.532;24.330;234.992;8.337;2.952;21.760;30.687;221.088;192.457;52.890;813.249;18.124;10.218;1.550;528;;0;0;0;0;0;0;0;-11.934;-101.833;751.480;24.671;6.780;2764.236;-4.693;-20.806;1554.399;422.576;2.323;34.730;78.701;27.920;15.570;6.274;4.150;101.596;56.656;289.493;9.568;5.335;3.637;1061.879;2163.753;21.760;30.687;221.088;192.457;52.890;813.249;18.124;10.218;44.547;137;449;619;170;1.652;58;21;-1.860;-28;1.247;1.710;470;4.589;161;58
Indonesia;2021;IDN;276758010;3323654569984.000;10.643;8.174;310.428;84.981;54.054;14.960;4.836;3.838;684.219;-281;-2.150;2788.021;763.230;686.376;189.960;7.666;250.783;12866.615;3522.277;61.404;34.472;310.330;1121.304;309.360;14.618;2.325;50.300;8087.771;666;1.668;32.410;914.734;253.160;7214.800;1975.075;81.833;89.206;831;3.539;429.344;204.258;56.530;1568.361;-449;-2.905;2352.738;644.070;18.273;19.392;211.670;1.529;740;64.624;89.248;24.700;236.067;7.984;2.919;8.846;17.890;238.979;203.065;56.200;872.971;18.167;10.794;970;313;;0;0;0;0;0;0;0;4.128;31.022;782.501;24.100;6.670;2858.418;-7.137;-30.159;1433.470;392.417;2.156;35.342;87.726;30.870;15.910;10.540;9.025;111.541;57.487;320.458;9.979;5.143;3.962;1117.800;2214.053;8.846;17.890;238.979;203.065;56.200;872.971;18.167;10.794;12.663;55;504;687;190;1.841;61;23;-8.000;-104;1.143;1.590;440;4.177;142;52
Indonesia;2022;IDN;278830479;3500093472768.000;12.427;10.561;346.791;95.542;73.952;20.620;6.182;3.423;675.931;59.390;453.281;4415.625;1216.511;736.326;205.310;10.038;353.562;14068.312;3875.839;61.555;43.580;334.340;1199.080;333.540;12.464;26.077;577.369;10132.153;798;27.341;540.010;961.624;268.130;9129.120;2515.085;80.389;90.100;2.594;11.136;440.480;203.385;56.710;1598.829;-2.430;-15.653;2280.994;628.417;17.002;15.780;225.450;10.519;6.538;71.162;97.909;27.300;258.299;8.185;2.549;13.991;37.358;276.337;234.587;65.410;1003.034;19.611;9.900;800;239;;0;0;0;0;0;0;0;9.660;75.593;858.094;21.913;6.110;3114.665;-6.651;-26.099;1329.641;366.318;1.832;30.740;107.549;37.310;16.690;20.805;19.822;133.809;59.857;390.375;11.186;5.004;3.853;1196.211;2791.422;13.991;37.358;276.337;234.587;65.410;1003.034;19.611;9.900;130.365;653;1.157;1.578;440;4.199;132;41;-18.535;-215;928;1.291;360;3.369;108;33
Indonesia;2023;IDN;281190021;;17.620;16.834;404.907;112.376;79.946;22.480;6.412;4.002;682.430;-1.365;-16.604;4323.455;1199.906;770.938;216.780;12.765;494.744;15747.911;4370.583;61.831;42.736;351.490;1250.009;350.600;13.024;584;16.311;10116.714;;-26;-665;1014.972;285.400;9059.860;2514.420;81.403;89.553;3.172;13.970;454.450;220.634;62.040;1637.456;2.263;14.223;2315.537;642.640;17.695;16.186;239.260;-9.910;-7.285;63.877;87.450;24.590;230.157;7.014;2.275;10.337;16.976;293.313;231.872;65.200;1056.854;18.597;10.447;890;253;;0;0;0;0;0;0;0;230;1.970;860.064;23.401;6.580;3098.949;-1.307;-4.786;1302.656;361.531;1.877;30.632;113.960;39.420;16.940;5.664;6.411;140.190;60.244;410.615;11.244;4.832;4.059;1246.844;2807.733;10.337;16.976;293.313;231.872;65.200;1056.854;18.597;10.447;60.654;695;1.852;2.525;710;6.672;203;66;35.112;321;1.249;1.707;480;4.502;137;45